Image,License Plate,Date,Time
10.jpg,15A-22222,2024-10-16,17:59:30
11.jpg,22L8288,2024-10-16,17:59:31
12.jpg,34A08888,2024-10-16,17:59:31
128.jpg,51G21670,2025-01-20,17:59:32
129.jpg,51G21670,2025-01-20,17:59:33
13.jpg,30F94227,2024-10-16,17:59:33
14.jpg,30A-56132,2024-10-16,17:59:33
150.jpg,51F59881,2025-01-20,17:59:34
151.jpg,51F59881,2025-01-20,17:59:34
16.jpg,99K9999,2024-10-16,17:59:34
17.jpg,81K8888,2024-10-16,17:59:35
18.jpg,15A-22222,2024-10-17,17:59:35
186.jpg,51A01204,2025-01-20,17:59:35
187.jpg,51A01204,2025-01-20,17:59:35
19.jpg,22L8288,2024-10-17,17:59:35
20.jpg,34A08888,2024-10-17,17:59:35
21.jpg,30F94227,2024-10-17,17:59:36
218.jpg,51F06948,2025-01-20,17:59:36
219.jpg,51F06948,2025-01-20,17:59:37
22.jpg,30A-56132,2024-10-17,17:59:37
24.jpg,99K9999,2024-10-17,17:59:38
25.jpg,81K8888,2024-10-17,17:59:39
26.jpg,15A-22222,2024-10-17,17:59:39
261.jpg,51F07973,2025-01-20,17:59:39
27.jpg,22L8288,2024-10-17,17:59:39
282.jpg,51F61712,2025-01-20,17:59:39
283.jpg,51F61712,2025-01-20,17:59:39
300.jpg,86A06844,2025-01-20,17:59:40
301.jpg,86A06844,2025-01-20,17:59:40
303.jpg,93LD00103,2025-01-20,17:59:40
316.jpg,51F88270,2025-01-20,17:59:40
317.jpg,51F88270,2025-01-20,17:59:40
318.jpg,51F88270,2025-01-20,17:59:40
319.jpg,51F88270,2025-01-20,17:59:40
320.jpg,51F88270,2025-01-20,17:59:41
321.jpg,51F88270,2025-01-20,17:59:41
390.jpg,51F63034,2025-01-20,17:59:41
391.jpg,51F63034,2025-01-20,17:59:41
4.jpg,61A-88888,2024-10-15,17:59:41
442.jpg,51A69172,2025-01-20,17:59:41
443.jpg,51A69172,2025-01-20,17:59:41
448.jpg,51F16159,2025-01-20,17:59:42
449.jpg,51F16159,2025-01-20,17:59:42
462.jpg,51G47281,2025-01-20,17:59:42
463.jpg,51G47281,2025-01-20,17:59:42
5.jpg,73A-22222,2024-10-16,17:59:42
508.jpg,51A89714,2025-01-20,17:59:42
509.jpg,51A89714,2025-01-20,17:59:42
541.jpg,51F49142,2025-01-20,17:59:43
542.jpg,51B21666,2025-01-20,17:59:43
544.jpg,51B21666,2025-01-20,17:59:43
554.jpg,51A72110,2025-01-20,17:59:43
555.jpg,51A72110,2025-01-20,17:59:43
564.jpg,51A96141,2025-01-20,17:59:44
565.jpg,51A96141,2025-01-20,17:59:44
566.jpg,51A96141,2025-01-20,17:59:44
567.jpg,51A96141,2025-01-20,17:59:44
6.jpg,29L5-9999,2024-10-15,17:59:44
6.jpg,29K5-9999,2024-10-15,17:59:44
604.jpg,51F44614,2025-01-20,17:59:45
605.jpg,51F44614,2025-01-20,17:59:45
647.jpg,51F24403,2025-01-20,17:59:46
652.jpg,51F79512,2025-01-20,17:59:46
653.jpg,51F79512,2025-01-20,17:59:46
7.jpg,50A-7777,2024-10-15,17:59:46
7.jpg,71FD-9999,2024-10-15,17:59:46
7.jpg,29-999XE,2024-10-15,17:59:46
7.jpg,29AB-38888,2024-10-15,17:59:46
706.jpg,51G51332,2025-01-20,17:59:47
8.jpg,88A28888,2024-10-15,17:59:47
82.jpg,51A05227,2025-01-20,17:59:48
83.jpg,51A05222,2025-01-20,17:59:48
87.jpg,93LD00103,2025-01-20,17:59:48
9.jpg,37A-55555,2024-10-16,17:59:48
z6296492300302_07161c05af7fa7879533c5e30f97bc93.jpg,61AA-05475,2025-02-07,17:59:49
z6296492311540_989d3ec873bc622292b40f7e42dc0e80.jpg,591-3214,2025-02-07,17:59:50
z6296492318244_32fe52e8c29d4b216b35441bdc5d8d08.jpg,591-32144,2025-02-07,17:59:50
z6296492505155_cf7b070b9cf87921d3e702543e69ede7.jpg,72A-10903,2025-02-07,17:59:53
z6296492716562_85ef086bff16a91b981a2a5a3a46686f.jpg,55Y2-5753,2025-02-07,17:59:54
z6296492728098_645d84deb2e6bfecd5777913267bc91f.jpg,72-10903,2025-02-07,17:59:54
